Row,Quantity Per PCB,References,Value,Datasheet,Footprint,Description,Manufacturer,Manufacturer Part Number,LCSC
1,2,C45 C46,15p COG 50V,https://jlcpcb.com/api/file/downloadByFileSystemAccessId/8579707286171729920,capc_1005_06_n,"Capacitor, 15pF, 5%, C0G, 50V, 1005, 0402",FH (Guangdong Fenghua Advanced Tech),0402CG150J500NT,C1548
2,2,C19 C20,220p X7R 50V,https://jlcpcb.com/api/file/downloadByFileSystemAccessId/8588946226129604609,capc_1005_06_l,"Capacitor, 220pF, 10%, X7R, 50V, 1005, 0402",Samsung Electro-Mechanics,CL05B221KB5NNNC,C296710
3,3,C1 C2 C5,10n X7R 100V,https://jlcpcb.com/api/file/downloadByFileSystemAccessId/8588949628376502272,capc_1005_06_n,"Capacitor, 10nF, 10%, X7R, 100V, 1005, 0402",Yageo,CC0402KRX7R0BB103,C527014
4,32,C4 C6 C8 C16 C17 C21 C22 C23 C24 C25 C26 C27 C30 C34 C35 C37 C38 C39 C40 C41 C42 C43 C44 C47 C48 C49 C50 C52 C53 C54 C55 C63,100n X7R 100V,https://jlcpcb.com/api/file/downloadByFileSystemAccessId/8586178586332446721,capc_1608_09_l,"Capacitor, 100nF, 10%, X7R, 100V, 1608, 0603",Samsung Electro-Mechanics,CL10B104KC8NNNC,C15725
5,13,C7 C31 C32 C33 C36 C51 C56 C57 C58 C62 C64 C65 C66,1u X7R 100V,https://jlcpcb.com/api/file/downloadByFileSystemAccessId/8590904853830971392,capc_2012_14_n,"Capacitor, 1uF, 10%, X7R, 100V, 2012, 0805",Yageo,CC0805KKX7R0BB105,C5370002
6,1,C18,2.2u X7R 100V,https://jlcpcb.com/api/file/downloadByFileSystemAccessId/8590916664114966528,capc_2012_14_m,"Capacitor, 2.2nF, 10%, X7R, 100V, 2012, 0805",Chinocera,HHV0805R7225K101NSLJ,C22367838
7,3,C13 C14 C15,3.3u X5R 25V,https://jlcpcb.com/api/file/downloadByFileSystemAccessId/8590902687791857664,capc_1608_09_n,"Capacitor, 3.3uF, 20%, X5R, 25V, 1608, 0603",CCTC,TCC0603X5R335M250CT,C5360803
8,1,C3,4.7u,https://jlcpcb.com/api/file/downloadByFileSystemAccessId/8588955064752869376,capc_3225_22_n,"Capacitor, 4.7 uF, 10%, X7S, 100V, 3225, 1210",Murata Electronics,GCM32DC72A475KE02,C913445
9,10,C9 C10 C11 C12 C28 C29 C59 C60 C61 C67,10u X7R 63V,https://jlcpcb.com/api/file/downloadByFileSystemAccessId/8589835732941770752,capc_3225_27_n,"Capacitor, 10uF, 10%, X7R, 63V, 3225, 1210",Murata Electronics,GRM32ER71J106KA12L,C437568
10,4,D4 D6 D9 D14,APTD1608LQBC/D,https://jlcpcb.com/api/file/downloadByFileSystemAccessId/8589837755585884160,kingbright_0603_blue,"Standard LEDs - SMD Chip LED, Package= 0603, Color = Blue",Kingbright,APTD1608LQBC/D,C5344742
11,1,D5,B0520LW-7-F,https://jlcpcb.com/api/file/downloadByFileSystemAccessId/8560080535511982080,sod-123_270x155135_n,"Schottky Diodes & Rectifiers 20V 410mW, SMD, SOD123",Diodes Incorporated,B0520LW-7-F,C155367
12,2,D2 D3,BZT52C18SQ,https://jlcpcb.com/api/file/downloadByFileSystemAccessId/8590197770775654400,sod-323_230p_170x125x100_n,Zener Diode 18V 200mW 5% Surface Mount SOD-323,JSMSEMI,BZT52C18SQ,C2857090
13,2,D7 D10,D3V3F4U6S-7,https://jlcpcb.com/api/file/downloadByFileSystemAccessId/8589951277003141120,sot363_sc88_65p_200x125x110_n,4-Ch 3.3V Low Cap TVS Array 0.85pF 3.5A 350mW,Diodes Incorporated,D3V3F4U6S-7,C1869321
14,2,D12 D13,MBR1H100SFT3G,https://jlcpcb.com/api/file/downloadByFileSystemAccessId/8588886768716288000,sod-123fl_305p_260x160x90_n,"Rectifier Diode, Schottky, 1 Phase, 1A, 100V",onsemi,MBR1H100SFT3G,C235757
15,1,D11,SK6812-EC20,https://jlcpcb.com/api/file/downloadByFileSystemAccessId/8589835384537849856,SK6812-EC20,RGB LED with integrated controller,OPSCO Optoelectronics,SK6812-EC20,C2909058
16,2,D1 D8,SMAJ48A,https://jlcpcb.com/api/file/downloadByFileSystemAccessId/8564879166429958145,do-214ac_440p_430x250x230_n_p,"Diode, TVS, Single, Unidirectional, Vrwm max 48V, Vbr min 53.3V, Vcl max 77.4V, Irm 1uA, peak puls power 400W, C 80pF @50V, IEC61000-4-2 ESD, IEC61000-4-4 EFT, IEC61000-4-5 Surge, DO-214AC, 2.9x4.6x2.65mm, -55°C ~ 150°C",hongjiacheng,SMAJ48A,C41376401
17,1,DSP1,HS20HS072RX,https://jlcpcb.com/api/file/downloadByFileSystemAccessId/8590902731202768896,generic_display_518x362x2_10mm_standoff,"240x320 (2.4"") TFT-LCD panel Integrated driver (ST7789T3) and FPC",HS,HS20HS072RX,C5329582
18,2,F1 F2,FSMD020-1206-R,https://jlcpcb.com/api/file/downloadByFileSystemAccessId/8588906240126279680,ptc_1206_08_n,"PTC,  30V, I_ hold 200mA, I_Trip 400mA, Imax 100A, 1206",Fuzetec Tech,FSMD020-1206-R,C220145
19,1,FB1,BLM18SN220TH1D,https://jlcpcb.com/api/file/downloadByFileSystemAccessId/8589838767348477952,fer_1608_09_n,"Ferrite Bead, 120Ohm@100MHz, 25%, DCR 25mOhm, 1608, 0603",Murata Electronics,BLM18SN220TH1D,C710392
20,2,J5 J6,1935776,https://jlcpcb.com/api/file/downloadByFileSystemAccessId/8590286408062967808,phoenix_1935776,"2 Position Wire to Board Terminal Block Horizontal with Board 0.197"" (5.00mm) Through Hole",Phoenix Contact,1935776,C3817389
21,1,J3,24.245.1,https://jlcpcb.com/api/file/downloadByFileSystemAccessId/8590904437944623104,fcr7350r,4MM PANEL SKT S16N-PC RED,Changzhou Amass Elec,24.245.1,C7437326
22,1,J4,24.245.2,https://jlcpcb.com/api/file/downloadByFileSystemAccessId/8590904438813249536,fcr7350b,4MM PANEL SKT S16N-PC BLACK,Changzhou Amass Elec,24.245.2,C7437327
23,1,J8,AFC07-S12FCA-00,https://jlcpcb.com/api/file/downloadByFileSystemAccessId/8588894283646029825,AFC07-S12FCA-00,"0.3mm 0.5mm 12P 2mm Bottom Contact Slide Lock Surface Mount, Right Angle SMD,P=0.5mm,Surface Mount，Right Angle FFC, FPC (Flat Flexible) Connector Assemblies ROHS",JUSHUO,AFC07-S12FCA-00,C262559
24,1,J1,DX07S024JJ2R1300,https://4donline.ihs.com/images/VipMasterIC/IC/JAEI/JAEI-S-A0001615074/JAEI-S-A0001615074-1.pdf?hkey=CECEF36DEECDED6468708AAF2E19C0C6,DX07S024JJ2R1300,"USB Connector USB 3.2 Gen 2 TypeC Receptacle Horizontal SMT Body, Height 3.14 mm, 24 Contacts",JAE Electronics,DX07S024JJ2R1300,C2977282
25,1,L1,22uH 1A 0.29Ohm,https://jlcpcb.com/api/file/downloadByFileSystemAccessId/8588893270500261888,SWPA4030S220MT,FIXED IND 22UH 1A 292 MOHM SMD,Sunlord,SWPA4030S220MT,C83472
26,1,L2,68uH 0.55A 0.91Ohm,https://jlcpcb.com/api/file/downloadByFileSystemAccessId/8588929589444030464,SWPA4030S220MT,FIXED IND 68UH 0.55A 910 MOHM SMD,Sunlord,ASWPA4035S680MT,C340217
27,1,PZ1,FUET-9018,https://jlcpcb.com/api/file/downloadByFileSystemAccessId/8588904050284220416,buzzer_9x9x2.1mm,"-30℃~+70℃ 1V~25V 2.1mm 3V 4kHz 5mA 65dB 9mm 9mm Passive (Externally Driven) Piezoelectric SMD, 9x9mm Buzzers ROHS",FUET,FUET-9018,C391035
28,1,Q1,AGM612AP,https://jlcpcb.com/api/file/downloadByFileSystemAccessId/8589950125352120320,vsonp8_65p_330x330x80_mfg,"MOSFET, n-channel, 60V, r_ds_on 11mOhm, 10A @Ta=25°C, 50A @Tc=25°C, Vgs_th 1.6V, SMD PDFN-8 pin, (3.3x3.3x0.8mm), -55°C ~ 155°C (Tj)",AGM-Semi,AGM612AP,C5349119
29,5,Q2 Q4 Q5 Q6 Q7,AO3404A,https://jlcpcb.com/api/file/downloadByFileSystemAccessId/8586177430906146816,sot-23-3L_103p_300x130x110_n,"MOSFET 30V 1.4W, SOT-23-3L",Alpha & Omega Semicon,AO3404A,C30010
30,1,Q3,SQJB90EP-T1_GE3,https://jlcpcb.com/api/file/downloadByFileSystemAccessId/8588924689125150720,PowerPAKSO-8_127p_513x615x120_n,"Dual NMOS transistor, 6 pin package",Vishay Intertech,SQJB90EP-T1_GE3,C727731
31,1,R22,8m 1%,https://jlcpcb.com/api/file/downloadByFileSystemAccessId/8590227465076842496,WSLP1206_n_current_sense_6m_to_50m,"Resistor, 8m, 1%, 50ppm, 1W, 3216, 1206",Milliohm,HoLLR1206-1W-8mR-1%,C2988654
32,1,R73,3.9R 1%,https://jlcpcb.com/api/file/downloadByFileSystemAccessId/8590208739052445696,resc_1005_04_m,"Resistor, 3.9R, 1%, 200ppm, 1/16W, 1005, 0402",FOJAN,FRC0402F3R90TS,C2933095
33,29,R7 R23 R24 R26 R37 R38 R39 R40 R42 R43 R44 R45 R46 R47 R48 R49 R51 R52 R56 R57 R58 R59 R60 R61 R62 R64 R65 R66 R74,27R 1%,https://jlcpcb.com/api/file/downloadByFileSystemAccessId/8588899757724995584,resc_1005_04_m,"Resistor, 27R, 1%, 100ppm, 1/16W, 1005, 0402",Yageo,RC0402FR-0727RL,C138021
34,3,R20 R50 R68,330R 1%,https://jlcpcb.com/api/file/downloadByFileSystemAccessId/8579706017514917888,resc_1005_04_m,"Resistor, 330R, 1%, 100ppm, 1/16W, 1005, 0402",UNI-ROYAL(Uniroyal Elec),0402WGF3300TCE,C25104
35,7,R5 R35 R53 R54 R55 R63 R67,1k 1%,https://jlcpcb.com/api/file/downloadByFileSystemAccessId/8579705924167974912,resc_1005_04_m,"Resistor, 1k, 1%, 100ppm, 1/16W, 1005, 0402",UNI-ROYAL(Uniroyal Elec),0402WGF1001TCE,C11702
36,10,R8 R9 R11 R12 R18 R25 R30 R84 R89 R90,4.7k 1%,https://jlcpcb.com/api/file/downloadByFileSystemAccessId/8579705919464263680,resc_1005_04_m,"Resistor, 4.7k, 1%, 100ppm, 1/16W, 1005, 0402",UNI-ROYAL(Uniroyal Elec),0402WGF1003TCE,C25741
37,14,R6 R10 R13 R19 R31 R36 R41 R69 R70 R71 R76 R77 R83 R86,10k 1%,https://jlcpcb.com/api/file/downloadByFileSystemAccessId/8556212101498380288,resc_1005_04_n,"Resistor, 10k, 1%, ±25ppm, 1/16W, 1005, 0402",UNI-ROYAL(Uniroyal Elec),0402WGF1002TCE,C25744
38,9,R2 R4 R33 R34 R72 R78 R79 R80 R82,33k 1%,https://jlcpcb.com/api/file/downloadByFileSystemAccessId/8671329089120387072,resc_1005_04_n,"Resistor, 33k, 1%, 100ppm, 1/16W, 1005, 0402",Yageo,RC0402FR-0733KL,C138003
39,15,R1 R3 R14 R15 R16 R17 R21 R27 R28 R29 R75 R81 R85 R87 R88,100k 1%,https://jlcpcb.com/api/file/downloadByFileSystemAccessId/8579705919464263680,resc_1005_04_m,"Resistor, 100k, 1%, 100ppm, 1/16W, 1005, 0402",UNI-ROYAL(Uniroyal Elec),0402WGF1003TCE,C25741
40,1,R32,10k @25°C,https://jlcpcb.com/api/file/downloadByFileSystemAccessId/8588905414750572545,resc_1005_04_m,"NTC Thermistors 10k @25°C, B3950, 0.33mA max",Sunlord,SDNT1005X103F3950FTF,C95939
41,2,S1 S2,EVQ-PUC02K,https://jlcpcb.com/api/file/downloadByFileSystemAccessId/8588918409580974080,EVQPUC02K,"Small-sized Side-operational SMD Light Touch Switches with straight terminals, with boss.",Panasonic,EVQ-PUC02K,C79174
42,2,S4 S5,GT-TC120A-H120-L1,https://jlcpcb.com/api/file/downloadByFileSystemAccessId/8588904166035374080,GT-TC120A-H120-L1,"Tactile switch SMD, black round button 12mm.",G-Switch,GT-TC120A-H120-L1,C2762973
43,1,S3,PEC11R-4215F-S0024,https://jlcpcb.com/api/file/downloadByFileSystemAccessId/8588891509874049024,PEC11R-4215F-S0024,"Rotary Encoders 15mm SHAFT w/SWITCH 24 detents, 24 PPR",Bourns,PEC11R-4215F-S0024,C143790
44,1,U5,74LVC1G08SE-7,https://jlcpcb.com/api/file/downloadByFileSystemAccessId/8588934949626130432,sot353_65p_200x125x110_mo-203-aa_n,Single 2-input AND gate,Diodes Incorporated,74LVC1G08SE-7,C460522
45,1,U6,CAT24C512YI-GT3,https://jlcpcb.com/api/file/downloadByFileSystemAccessId/8588881550012796928,JEDEC_MO-153_AA,512 Kb I2C CMOS Serial,Onsemi,CAT24C512YI-GT3,C56096
46,1,U8,INA228AIDGSR,https://www.ti.com/lit/ds/symlink/ina228.pdf,vssop10_50p_300x300x110_mfg,"INA240 High- and Low-Side, Bidirectional, Zero-Drift, Current-Sense Amplifier with",Texas Instruments,INA228AIDGSR,C2887910
47,1,U2,LM2765,https://www.ti.com/cn/lit/ds/symlink/lm2765.pdf?ts=1773109320900,sot236_p95_290x160x110_n,"Switched-Capacitor Voltage Converter, 40mA, input 1.8-5.5V, out =2xVIN, 50kHz, SOT-23, -40°C~+85°C",Texas Instruments,LM2765M6X/NOPB,C140270
48,2,U11 U12,LMR16006XDDCR,https://www.ti.com/cn/lit/ds/symlink/lmr16006.pdf?ts=1773033603279&ref_url=https%253A%252F%252Fso.szlcsc.com%252F,sot6_p95_290x180x110_n,"LMR16006 SIMPLE SWITCHER® 60 V 0.6 A Buck Regulators With High Efficiency ECO mode, 600mA, input 4-65V, out 4-65V, 700kHz, SOT-6, -40°C~+125°C",Texas Instruments,LMR16006XDDCR,C87080
49,1,U4,LTC7004x,https://jlcpcb.com/api/file/downloadByFileSystemAccessId/8588908169414520832,msop_10p_300x490x110_tp168x188_n,Fast 60V High Side NMOS Static Switch Driver.,Analog Devices,LTC7004EMSE#TRPBF,C690106
50,1,U9,RP2040,https://pip-assets.raspberrypi.com/categories/814-rp2040/documents/RP-008371-DS-1-rp2040-datasheet.pdf?disposition=inline,qfn56_40p_700x700x90_tp_320x320_mfg,ARM® Cortex-M0+ - Microcontroller IC 32-Bit Dual-Core 133MHz External Program Memory 56-QFN (7x7),Raspberry Pi,SC0914(13),C2040
51,1,U7,SN74LVC1G17DBVR,https://www.ti.com/lit/ds/symlink/sn74lvc1g17.pdf?ts=1773125655769&ref_url=https%253A%252F%252Fwww.ti.com%252Fproduct%252FSN74LVC1G17,sot25_95p_300x280x145_jedec_mo-178-aa_n,SN74LVC1G17 Single Schmitt-Trigger Buffer,Texas Instruments,SN74LVC1G17DBVR,C7836
52,1,U1,TPD4S480RUKR,https://www.ti.com/lit/ds/symlink/tpd4s480.pdf?ts=1773161250726,wqfn20_40p_300x300x80_tp_170x170_n,USB Type-C™ 48V EPR port protector with short-to-VBUS overvoltage and IEC ESD protection 20-WQFN -40 to 125,Texas Instrument,TPD4S480RUKR,C43131250
53,1,U3,TPS26750SRSMR,https://www.ti.com/lit/ds/symlink/tps26750.pdf,qfn32_40p_400x400x100_tp_280x280_mfg,TPS26750 USB Type-C® and USB PD Controller With Integrated Power Switches,Texas Instruments,TPS26750SRSMR,C42166327
54,1,U10,W25Q128JVPIQ,https://jlcpcb.com/api/file/downloadByFileSystemAccessId/8588881960005472256,wson8_127p_600x500x80_tp_435x340_n,3V 128M-BIT SERIAL FLASH MEMORY WITH DUAL/QUAD SPI,Winbond Electronics,W25Q128JVPIQ,C190862
55,1,Y1,ABM8-272-T3,https://jlcpcb.com/api/file/downloadByFileSystemAccessId/8559470777180311552,osccc_320x205x80_abm8,Crystal 12MHz 10pF 30ppm -40C +85C,Abracon LLC,ABM8-272-T3,C20625731
