Ref,Val,Package,PosX,PosY,Rot,Side
"C1","10n X7R 100V","capc_1005_06_n",9.6000,15.9000,90.0000,top
"C2","10n X7R 100V","capc_1005_06_n",11.5000,3.5000,-90.0000,top
"C3","4.7u","capc_3225_22_n",8.5000,4.0000,180.0000,top
"C4","100n X7R 100V","capc_1608_09_l",11.2000,17.0000,90.0000,top
"C5","10n X7R 100V","capc_1005_06_n",18.0000,15.0000,90.0000,top
"C6","100n X7R 100V","capc_1608_09_l",12.5000,17.0000,90.0000,top
"C7","1u X7R 100V","capc_2012_14_n",14.7000,10.8000,0.0000,top
"C8","100n X7R 100V","capc_1608_09_l",9.2000,12.1000,-90.0000,top
"C9","10u X7R 63V","capc_3225_27_n",26.5000,3.4000,-90.0000,top
"C10","10u X7R 63V","capc_3225_27_n",23.3000,3.4000,-90.0000,top
"C11","10u X7R 63V","capc_3225_27_n",20.0000,3.4000,-90.0000,top
"C12","10u X7R 63V","capc_3225_27_n",16.8000,3.4000,-90.0000,top
"C13","3.3u X5R 25V","capc_1608_09_n",35.9000,23.7000,180.0000,top
"C14","3.3u X5R 25V","capc_1608_09_n",35.5000,18.0000,180.0000,top
"C15","3.3u X5R 25V","capc_1608_09_n",32.7000,21.4000,90.0000,top
"C16","100n X7R 100V","capc_1608_09_l",32.1000,12.8000,90.0000,top
"C17","100n X7R 100V","capc_1608_09_l",18.8000,9.5000,90.0000,top
"C18","2.2u X7R 100V","capc_2012_14_m",34.8000,9.3000,0.0000,top
"C19","220p X7R 50V","capc_1005_06_l",20.4000,10.2000,180.0000,top
"C20","220p X7R 50V","capc_1005_06_l",22.3000,11.5000,0.0000,top
"C21","100n X7R 100V","capc_1608_09_l",32.8000,18.0000,90.0000,top
"C22","100n X7R 100V","capc_1608_09_l",28.2500,7.0000,180.0000,top
"C23","100n X7R 100V","capc_1608_09_l",42.0000,8.0000,0.0000,top
"C24","100n X7R 100V","capc_1608_09_l",38.5000,11.1000,-90.0000,top
"C25","100n X7R 100V","capc_1608_09_l",41.0000,16.9000,-90.0000,top
"C26","100n X7R 100V","capc_1608_09_l",31.8000,46.0000,90.0000,top
"C27","100n X7R 100V","capc_1608_09_l",27.4000,46.5000,180.0000,top
"C28","10u X7R 63V","capc_3225_27_n",49.7000,3.5000,-90.0000,top
"C29","10u X7R 63V","capc_3225_27_n",46.5000,3.5000,-90.0000,top
"C30","100n X7R 100V","capc_1608_09_l",48.2000,15.2000,90.0000,top
"C31","1u X7R 100V","capc_2012_14_n",39.6000,46.6000,0.0000,top
"C32","1u X7R 100V","capc_2012_14_n",39.6000,44.7000,0.0000,top
"C33","1u X7R 100V","capc_2012_14_n",27.0000,42.8000,180.0000,top
"C34","100n X7R 100V","capc_1608_09_l",27.0000,40.0000,180.0000,top
"C35","100n X7R 100V","capc_1608_09_l",39.0000,42.9000,0.0000,top
"C36","1u X7R 100V","capc_2012_14_n",27.0000,44.8000,180.0000,top
"C37","100n X7R 100V","capc_1608_09_l",27.0000,41.2000,180.0000,top
"C38","100n X7R 100V","capc_1608_09_l",29.4000,46.0000,90.0000,top
"C39","100n X7R 100V","capc_1608_09_l",30.6000,46.0000,90.0000,top
"C40","100n X7R 100V","capc_1608_09_l",33.8000,46.0000,90.0000,top
"C41","100n X7R 100V","capc_1608_09_l",39.0000,41.6000,0.0000,top
"C42","100n X7R 100V","capc_1608_09_l",34.0000,34.5000,-90.0000,top
"C43","100n X7R 100V","capc_1608_09_l",30.0000,34.6000,-90.0000,top
"C44","100n X7R 100V","capc_1608_09_l",19.9000,34.1000,0.0000,top
"C45","15p COG 50V","capc_1005_06_n",41.2000,41.5000,0.0000,top
"C46","15p COG 50V","capc_1005_06_n",41.0600,36.4000,180.0000,top
"C47","100n X7R 100V","capc_1608_09_l",35.1000,63.5000,90.0000,top
"C48","100n X7R 100V","capc_1608_09_l",20.0000,51.0000,90.0000,top
"C49","100n X7R 100V","capc_1608_09_l",6.0000,39.9000,0.0000,top
"C50","100n X7R 100V","capc_1608_09_l",10.0000,39.9000,180.0000,top
"C51","1u X7R 100V","capc_2012_14_n",30.7000,50.6000,180.0000,top
"C52","100n X7R 100V","capc_1608_09_l",30.9000,52.3000,180.0000,top
"C53","100n X7R 100V","capc_1608_09_l",14.0000,37.3000,90.0000,top
"C54","100n X7R 100V","capc_1608_09_l",14.0000,24.7000,-90.0000,top
"C55","100n X7R 100V","capc_1608_09_l",46.7000,21.5000,180.0000,top
"C56","1u X7R 100V","capc_2012_14_n",49.9000,33.5000,180.0000,top
"C57","1u X7R 100V","capc_2012_14_n",49.9000,31.5000,180.0000,top
"C58","1u X7R 100V","capc_2012_14_n",49.1000,28.7000,90.0000,top
"C59","10u X7R 63V","capc_3225_27_n",43.4000,32.0000,0.0000,top
"C60","10u X7R 63V","capc_3225_27_n",43.4000,28.7000,0.0000,top
"C61","10u X7R 63V","capc_3225_27_n",45.8000,35.3000,0.0000,top
"C62","1u X7R 100V","capc_2012_14_n",51.9000,24.3000,180.0000,top
"C63","100n X7R 100V","capc_1608_09_l",45.5000,49.4000,90.0000,top
"C64","1u X7R 100V","capc_2012_14_n",52.8000,45.5000,0.0000,top
"C65","1u X7R 100V","capc_2012_14_n",52.8000,43.5000,0.0000,top
"C66","1u X7R 100V","capc_2012_14_n",52.8000,47.5000,0.0000,top
"C67","10u X7R 63V","capc_3225_27_n",52.2000,53.2000,-90.0000,top
"D1","SMAJ48A","do-214ac_440p_430x250x230_n_p",8.8000,7.1000,180.0000,top
"D2","BZT52C18SQ","sod-323_230p_170x125x100_n",19.5000,12.4000,90.0000,top
"D3","BZT52C18SQ","sod-323_230p_170x125x100_n",18.0000,12.4000,90.0000,top
"D4","APTD1608LQBC/D","kingbright_0603_blue",4.5000,20.9000,180.0000,top
"D5","B0520LW-7-F","sod-123_270x155135_n",38.5000,20.7500,90.0000,top
"D6","APTD1608LQBC/D","kingbright_0603_blue",62.5000,22.0000,0.0000,top
"D7","D3V3F4U6S-7","sot363_sc88_65p_200x125x110_n",12.0000,60.4000,0.0000,top
"D8","SMAJ48A","do-214ac_440p_430x250x230_n_p",50.5000,16.0000,90.0000,top
"D9","APTD1608LQBC/D","kingbright_0603_blue",8.0000,31.0000,0.0000,top
"D10","D3V3F4U6S-7","sot363_sc88_65p_200x125x110_n",54.0000,60.3000,0.0000,top
"D11","SK6812-EC20","SK6812-EC20",33.0000,63.5000,0.0000,top
"D12","MBR1H100SFT3G","sod-123fl_305p_260x160x90_n",46.9000,29.3000,90.0000,top
"D13","MBR1H100SFT3G","sod-123fl_305p_260x160x90_n",53.3000,49.7000,0.0000,top
"D14","APTD1608LQBC/D","kingbright_0603_blue",56.2000,45.0000,90.0000,top
"DSP1","HS20HS072RX","generic_display_518x362x2_10mm_standoff",33.0000,33.0000,180.0000,top
"F1","FSMD020-1206-R","ptc_1206_08_n",53.9000,57.5000,0.0000,top
"F2","FSMD020-1206-R","ptc_1206_08_n",55.0000,53.2000,-90.0000,top
"FB1","BLM18SN220TH1D","fer_1608_09_n",10.6000,9.8000,0.0000,top
"FD1","fiducial_generic","fiducial_round_130",7.5000,60.0000,0.0000,top
"FD2","fiducial_generic","fiducial_round_130",47.5000,58.0000,0.0000,top
"FD3","fiducial_generic","fiducial_round_130",3.0000,7.5000,0.0000,top
"J1","DX07S024JJ2R1300","DX07S024JJ2R1300",4.8250,14.0000,-90.0000,top
"J3","24.245.1","fcr7350r",58.0000,12.5000,90.0000,top
"J4","24.245.2","fcr7350b",58.0000,31.5500,90.0000,top
"J5","1935776","phoenix_1935776",61.5000,55.0000,90.0000,top
"J6","1935776","phoenix_1935776",61.5000,45.0000,90.0000,top
"J8","AFC07-S12FCA-00","AFC07-S12FCA-00",33.0000,55.0000,180.0000,top
"JP4","jumper_solder_2pad_no","jumper_solder_2pad_no_40x40_20",27.6000,10.4000,180.0000,bottom
"JP5","jumper_solder_2pad_no","jumper_solder_2pad_no_40x40_20",30.5000,12.6000,-90.0000,bottom
"JP6","jumper_solder_2pad_no","jumper_solder_2pad_no_40x40_20",27.6000,11.4000,180.0000,bottom
"JP7","jumper_solder_2pad_no","jumper_solder_2pad_no_40x40_20",28.5000,12.6000,-90.0000,bottom
"JP8","jumper_solder_2pad_no","jumper_solder_2pad_no_40x40_20",29.5000,12.6000,90.0000,bottom
"JP9","jumper_solder_2pad_no","jumper_solder_2pad_no_40x40_20",31.5000,12.6000,90.0000,bottom
"JP11","jumper_solder_3pad_no","jumper_solder_3pad_no_40x40_20",52.5000,21.8000,0.0000,bottom
"L1","22uH 1A 0.29Ohm","SWPA4030S220MT",44.1000,24.6000,180.0000,top
"L2","68uH 0.55A 0.91Ohm","SWPA4030S220MT",48.5000,51.8000,90.0000,top
"MH1","tooling_hole_200_0","tooling_hole_200_0_np",33.0000,31.0000,90.0000,top
"PZ1","FUET-9018","buzzer_9x9x2.1mm",23.3000,24.7000,180.0000,top
"Q1","AGM612AP","vsonp8_65p_330x330x80_mfg",14.6000,7.8000,180.0000,top
"Q2","AO3404A","sot-23-3L_103p_300x130x110_n",11.0000,20.0000,180.0000,top
"Q3","SQJB90EP-T1_GE3","PowerPAKSO-8_127p_513x615x120_n",35.2500,5.0000,0.0000,top
"Q4","AO3404A","sot-23-3L_103p_300x130x110_n",22.7000,14.3000,90.0000,top
"Q5","AO3404A","sot-23-3L_103p_300x130x110_n",27.5000,18.0000,90.0000,top
"Q6","AO3404A","sot-23-3L_103p_300x130x110_n",38.8000,14.0000,0.0000,top
"Q7","AO3404A","sot-23-3L_103p_300x130x110_n",25.3000,51.6000,90.0000,top
"R1","100k 1%","resc_1005_04_m",13.8000,17.0000,90.0000,top
"R2","33k 1%","resc_1005_04_n",19.5000,15.0000,90.0000,top
"R3","100k 1%","resc_1005_04_m",13.8000,19.2000,90.0000,top
"R4","33k 1%","resc_1005_04_n",13.8000,21.4000,90.0000,top
"R5","1k 1%","resc_1005_04_m",8.2500,20.5000,-90.0000,top
"R6","10k 1%","resc_1005_04_n",20.6000,18.0000,-90.0000,top
"R7","27R 1%","resc_1005_04_m",31.3000,11.0000,0.0000,top
"R8","4.7k 1%","resc_1005_04_m",30.8000,26.7000,0.0000,top
"R9","4.7k 1%","resc_1005_04_m",33.0000,26.7000,180.0000,top
"R10","10k 1%","resc_1005_04_n",35.7000,29.1000,180.0000,top
"R11","4.7k 1%","resc_1005_04_m",25.1000,13.1000,-90.0000,top
"R12","4.7k 1%","resc_1005_04_m",25.1000,15.3000,90.0000,top
"R13","10k 1%","resc_1005_04_n",30.6000,12.7000,90.0000,top
"R14","100k 1%","resc_1005_04_m",31.3000,8.4000,180.0000,top
"R15","100k 1%","resc_1005_04_m",24.1000,16.8000,0.0000,top
"R16","100k 1%","resc_1005_04_m",24.1000,19.2000,0.0000,top
"R17","100k 1%","resc_1005_04_m",31.3000,9.7000,180.0000,top
"R18","4.7k 1%","resc_1005_04_m",31.1000,14.5000,0.0000,top
"R19","10k 1%","resc_1005_04_n",31.1000,15.7000,0.0000,top
"R20","330R 1%","resc_1005_04_m",46.0000,16.9000,-90.0000,top
"R21","100k 1%","resc_1005_04_m",30.2000,20.5000,180.0000,top
"R22","8m 1%","WSLP1206_n_current_sense_6m_to_50m",42.0000,5.0000,0.0000,top
"R23","27R 1%","resc_1005_04_m",40.2000,7.4000,90.0000,top
"R24","27R 1%","resc_1005_04_m",43.8000,7.4000,90.0000,top
"R25","4.7k 1%","resc_1005_04_m",44.0000,18.8000,180.0000,top
"R26","27R 1%","resc_1005_04_m",43.0000,13.2000,0.0000,top
"R27","100k 1%","resc_1005_04_m",51.0000,40.0000,180.0000,top
"R28","100k 1%","resc_1005_04_m",51.0000,39.0000,180.0000,top
"R29","100k 1%","resc_1005_04_m",48.8000,39.5000,180.0000,top
"R30","4.7k 1%","resc_1005_04_m",40.6000,2.4000,0.0000,top
"R31","10k 1%","resc_1005_04_n",45.6000,39.5000,180.0000,top
"R32","10k @25°C","resc_1005_04_m",43.5000,2.4000,0.0000,top
"R33","33k 1%","resc_1005_04_n",46.5000,12.9000,180.0000,top
"R34","33k 1%","resc_1005_04_n",46.0000,14.6000,90.0000,top
"R35","1k 1%","resc_1005_04_m",22.0000,60.0000,90.0000,top
"R36","10k 1%","resc_1005_04_n",44.0000,60.0000,-90.0000,top
"R37","27R 1%","resc_1005_04_m",44.0000,57.9000,90.0000,top
"R38","27R 1%","resc_1005_04_m",16.1000,21.0000,90.0000,top
"R39","27R 1%","resc_1005_04_m",17.2000,21.0000,90.0000,top
"R40","27R 1%","resc_1005_04_m",19.9000,41.0000,0.0000,top
"R41","10k 1%","resc_1005_04_n",25.5000,34.4000,180.0000,top
"R42","27R 1%","resc_1005_04_m",25.5000,36.6000,0.0000,top
"R43","27R 1%","resc_1005_04_m",25.5000,37.7000,0.0000,top
"R44","27R 1%","resc_1005_04_m",19.9000,43.2000,0.0000,top
"R45","27R 1%","resc_1005_04_m",19.9000,42.1000,0.0000,top
"R46","27R 1%","resc_1005_04_m",25.5000,35.5000,0.0000,top
"R47","27R 1%","resc_1005_04_m",30.2000,21.7000,0.0000,top
"R48","27R 1%","resc_1005_04_m",31.3000,28.3000,-90.0000,top
"R49","27R 1%","resc_1005_04_m",32.5000,28.3000,-90.0000,top
"R50","330R 1%","resc_1005_04_m",4.0000,31.0000,180.0000,top
"R51","27R 1%","resc_1005_04_m",35.6000,34.5000,-90.0000,top
"R52","27R 1%","resc_1005_04_m",36.8000,34.5000,-90.0000,top
"R53","1k 1%","resc_1005_04_m",29.0000,63.5000,90.0000,top
"R54","1k 1%","resc_1005_04_m",37.0000,63.5000,90.0000,top
"R55","1k 1%","resc_1005_04_m",39.0000,63.5000,90.0000,top
"R56","27R 1%","resc_1005_04_m",37.3000,47.0000,90.0000,top
"R57","27R 1%","resc_1005_04_m",36.2000,47.0000,90.0000,top
"R58","27R 1%","resc_1005_04_m",35.1000,49.1000,90.0000,top
"R59","27R 1%","resc_1005_04_m",46.1000,42.9000,0.0000,top
"R60","27R 1%","resc_1005_04_m",34.1000,49.1000,90.0000,top
"R61","27R 1%","resc_1005_04_m",33.0000,49.1000,90.0000,top
"R62","27R 1%","resc_1005_04_m",31.0000,63.5000,90.0000,top
"R63","1k 1%","resc_1005_04_m",38.3000,39.8000,180.0000,top
"R64","27R 1%","resc_1005_04_m",51.6000,60.3000,-90.0000,top
"R65","27R 1%","resc_1005_04_m",28.8000,47.8000,180.0000,top
"R66","27R 1%","resc_1005_04_m",56.4000,60.3000,-90.0000,top
"R67","1k 1%","resc_1005_04_m",27.0000,63.5000,90.0000,top
"R68","330R 1%","resc_1005_04_m",30.3000,24.0000,180.0000,top
"R69","10k 1%","resc_1005_04_n",6.0000,41.2000,180.0000,top
"R70","10k 1%","resc_1005_04_n",10.0000,41.2000,0.0000,top
"R71","10k 1%","resc_1005_04_n",17.0000,51.0000,90.0000,top
"R72","33k 1%","resc_1005_04_n",18.5000,51.0000,-90.0000,top
"R73","3.9R 1%","resc_1005_04_m",25.3000,54.8000,-90.0000,top
"R74","27R 1%","resc_1005_04_m",24.8000,47.8000,180.0000,top
"R75","100k 1%","resc_1005_04_m",24.8000,49.0000,0.0000,top
"R76","10k 1%","resc_1005_04_n",14.0000,34.8000,90.0000,top
"R77","10k 1%","resc_1005_04_n",14.0000,27.2000,-90.0000,top
"R78","33k 1%","resc_1005_04_n",19.9000,32.0000,180.0000,top
"R79","33k 1%","resc_1005_04_n",19.9000,30.0000,180.0000,top
"R80","33k 1%","resc_1005_04_n",50.7000,21.9000,90.0000,top
"R81","100k 1%","resc_1005_04_m",50.8200,26.7000,-90.0000,top
"R82","33k 1%","resc_1005_04_n",52.5000,21.5000,0.0000,top
"R83","10k 1%","resc_1005_04_n",48.9000,22.1000,180.0000,top
"R84","4.7k 1%","resc_1005_04_m",52.5000,20.4000,180.0000,top
"R85","100k 1%","resc_1005_04_m",50.0000,44.6000,-90.0000,top
"R86","10k 1%","resc_1005_04_n",56.3000,50.0000,-90.0000,top
"R87","100k 1%","resc_1005_04_m",46.1000,44.0000,0.0000,top
"R88","100k 1%","resc_1005_04_m",47.9000,44.6000,90.0000,top
"R89","4.7k 1%","resc_1005_04_m",46.1000,45.2000,180.0000,top
"R90","4.7k 1%","resc_1005_04_m",45.6000,47.0000,90.0000,top
"S1","EVQ-PUC02K","EVQPUC02K",22.0000,63.9000,180.0000,top
"S2","EVQ-PUC02K","EVQPUC02K",44.0000,63.9000,180.0000,top
"S3","PEC11R-4215F-S0024","PEC11R-4215F-S0024",8.0000,51.0000,0.0000,top
"S4","GT-TC120A-H120-L1","GT-TC120A-H120-L1",8.0000,36.0000,0.0000,top
"S5","GT-TC120A-H120-L1","GT-TC120A-H120-L1",8.0000,26.0000,180.0000,top
"TP1","sp_oval_300x100","sp_oval_300x100",3.3000,11.6000,180.0000,bottom
"TP2","sp_oval_300x100","sp_oval_300x100",3.3000,16.6001,180.0000,bottom
"TP3","tp_round_70","tp_round_70",16.4000,12.9000,0.0000,top
"TP4","tp_round_70","tp_round_70",8.7000,14.6000,180.0000,bottom
"TP5","tp_round_70","tp_round_70",20.9000,11.3000,0.0000,top
"TP6","tp_round_70","tp_round_70",10.6000,12.4000,180.0000,bottom
"TP7","tp_round_70","tp_round_70",11.5000,5.0001,0.0000,top
"TP8","tp_round_70","tp_round_70",13.8000,3.0000,0.0000,top
"TP9","tp_round_70","tp_round_70",18.3000,7.7000,0.0000,top
"TP10","tp_round_70","tp_round_70",18.8000,18.0000,0.0000,top
"TP11","tp_round_70","tp_round_70",15.4000,17.0001,0.0000,top
"TP12","tp_round_70","tp_round_70",20.6000,16.4000,0.0000,top
"TP13","tp_round_70","tp_round_70",14.9000,21.3001,0.0000,top
"TP14","tp_round_70","tp_round_70",23.8000,11.7001,0.0000,top
"TP15","tp_round_70","tp_round_70",35.9999,30.5000,90.0000,top
"TP16","tp_round_70","tp_round_70",35.0000,28.0001,90.0000,top
"TP17","tp_round_70","tp_round_70",25.2000,18.0000,90.0000,top
"TP18","tp_round_70","tp_round_70",38.9999,30.5000,90.0000,top
"TP19","tp_round_70","tp_round_70",31.3999,22.8000,90.0000,top
"TP20","tp_round_70","tp_round_70",38.5999,5.0000,90.0000,top
"TP21","tp_round_70","tp_round_70",32.6999,16.0000,90.0000,top
"TP22","tp_round_70","tp_round_70",28.7999,2.0000,90.0000,top
"TP23","tp_round_70","tp_round_70",38.5999,2.9000,90.0000,top
"TP24","tp_round_70","tp_round_70",28.7999,4.7000,90.0000,top
"TP25","tp_round_70","tp_round_70",38.5999,1.6000,90.0000,top
"TP26","tp_round_70","tp_round_70",40.9999,19.1000,90.0000,top
"TP27","tp_round_70","tp_round_70",47.1999,39.5000,90.0000,top
"TP28","tp_round_70","tp_round_70",39.0000,16.8000,90.0000,top
"TP29","tp_round_70","tp_round_70",38.0000,34.5000,90.0000,top
"TP30","tp_round_70","tp_round_70",49.2500,8.0000,90.0000,top
"TP33","tp_round_70","tp_round_70",23.6999,42.9000,90.0000,top
"TP34","tp_round_70","tp_round_70",29.2999,44.3000,90.0000,top
"TP35","tp_round_70","tp_round_70",50.2000,60.8000,90.0000,top
"TP36","tp_round_70","tp_round_70",57.7999,60.8000,90.0000,top
"TP37","tp_round_70","tp_round_70",43.9999,56.3000,90.0000,top
"TP38","tp_round_70","tp_round_70",21.9999,58.0000,90.0000,top
"TP39","tp_round_70","tp_round_70",31.2999,25.7000,90.0000,top
"TP40","tp_round_70","tp_round_70",32.6999,24.7000,90.0000,top
"TP41","tp_round_70","tp_round_70",37.3000,50.1000,90.0000,top
"TP42","tp_round_70","tp_round_70",36.1999,48.8000,90.0000,top
"TP43","tp_round_70","tp_round_70",35.0999,51.0000,90.0000,top
"TP44","tp_round_70","tp_round_70",32.9999,51.0000,90.0000,top
"TP45","tp_round_70","tp_round_70",36.3999,51.7000,90.0000,top
"TP46","sp_oval_300x100","sp_oval_300x100",33.0001,63.0000,90.0000,bottom
"TP47","sp_oval_300x100","sp_oval_300x100",29.0001,63.0000,90.0000,bottom
"TP48","sp_oval_300x100","sp_oval_300x100",37.0001,63.0000,90.0000,bottom
"TP49","sp_oval_300x100","sp_oval_300x100",39.0000,63.0000,90.0000,bottom
"TP50","sp_oval_300x100","sp_oval_300x100",27.0000,63.0000,90.0000,bottom
"TP51","sp_oval_300x100","sp_oval_300x100",4.0000,37.0001,180.0000,bottom
"TP52","sp_oval_300x100","sp_oval_300x100",4.0000,25.0000,180.0000,bottom
"TP53","sp_oval_300x100","sp_oval_300x100",4.0000,27.0001,180.0000,bottom
"TP54","sp_oval_300x100","sp_oval_300x100",4.0000,35.0001,180.0000,bottom
"TP55","tp_round_70","tp_round_70",32.9999,61.5000,90.0000,top
"TP56","tp_round_70","tp_round_70",34.3000,25.8001,0.0000,top
"TP57","tp_round_70","tp_round_70",22.0001,32.0000,90.0000,top
"TP58","tp_round_70","tp_round_70",21.9999,30.0000,90.0000,top
"TP59","tp_round_70","tp_round_70",3.9999,41.2000,90.0000,top
"TP60","tp_round_70","tp_round_70",11.9999,41.2000,90.0000,top
"TP61","tp_round_70","tp_round_70",20.0000,49.0000,90.0000,top
"TP62","tp_round_70","tp_round_70",25.2999,56.4000,90.0000,top
"TP63","tp_round_70","tp_round_70",26.8999,47.8000,90.0000,top
"TP64","tp_round_70","tp_round_70",48.5999,55.0000,90.0000,top
"TP65","tp_round_70","tp_round_70",42.2000,34.3000,90.0000,top
"TP66","tp_round_70","tp_round_70",48.9999,42.9000,90.0000,top
"TP67","tp_round_70","tp_round_70",52.5000,22.7001,0.0000,top
"TP68","tp_round_70","tp_round_70",38.5999,8.5000,90.0000,top
"U1","TPD4S480RUKR","wqfn20_40p_300x300x80_tp_170x170_n",12.7500,13.7500,0.0000,top
"U2","LM2765","sot236_p95_290x160x110_n",35.5000,20.7500,-90.0000,top
"U3","TPS26750SRSMR","qfn32_40p_400x400x100_tp_280x280_mfg",23.7000,8.6750,90.0000,top
"U4","LTC7004x","msop_10p_300x490x110_tp168x188_n",35.0000,14.0000,-90.0000,top
"U5","74LVC1G08SE-7","sot353_65p_200x125x110_mo-203-aa_n",30.8000,18.2000,-90.0000,top
"U6","CAT24C512YI-GT3","JEDEC_MO-153_AA",28.1000,11.7000,-90.0000,top
"U7","SN74LVC1G17DBVR","sot25_95p_300x280x145_jedec_mo-178-aa_n",43.5000,16.0000,90.0000,top
"U8","INA228AIDGSR","vssop10_50p_300x300x110_mfg",42.5000,10.5000,180.0000,top
"U9","RP2040","qfn56_40p_700x700x90_tp_320x320_mfg",33.0000,40.0000,90.0000,top
"U10","W25Q128JVPIQ","wson8_127p_600x500x80_tp_435x340_n",19.9000,37.6000,180.0000,top
"U11","LMR16006XDDCR","sot6_p95_290x180x110_n",48.3500,24.7500,90.0000,top
"U12","LMR16006XDDCR","sot6_p95_290x180x110_n",48.6000,47.5000,0.0000,top
"Y1","ABM8-272-T3","osccc_320x205x80_abm8",40.9000,38.9000,180.0000,top
