,Line #,Name,Description,Designator,Quantity,LCSC,Manufacturer 1,Manufacturer Part Number 1
,2,4.7u,"Capacitor, 4.7 uF, 10%, X7S, 100V, 3225, 1210",C3,1,C913445,Murata,GCM32DC72A475KE02K
,3,100n X7R 100V,"Capacitor, 100nF, 10%, X7R, 100V, 1608, 0603","C4, C6, C8, C16, C17, C21, C22, C23, C24, C25, C26, C27, C30, C34, C35, C37, C38, C39, C40, C41, C42, C43, C44, C47, C48, C49, C50, C52, C53, C54, C55, C63",32,C15725,Samsung Electro-Mechanics,CL10B104KC8NNNC
,4,1u X7R 100V,"Capacitor, 1uF, 10%, X7R, 100V, 2012, 0805","C7, C31, C32, C33, C36, C51, C56, C57, C58, C62, C64, C65, C66",13,C5370002,YAGEO,CC0805KKX7R0BB105
,6,3.3u X5R 25V,"Capacitor, 3.3uF, 20%, X5R, 25V, 1608, 0603","C13, C14, C15",3,C5360803,CCTC,TCC0603X5R335M250CT
,9,15p COG 50V,"Capacitor, 15pF, 5%, C0G, 50V, 1005, 0402","C45, C46",2,C1548,Fenghua Electronics,0402CG150J500NT
,24,SWPA4030S220MT,FIXED IND 22UH 1A 292 MOHM SMD,L1,1,C83472,Sunlord,SWPA4030S220MT
,30,100k 1%,"Resistor, 100k, 1%, 100ppm, 1/16W, 1005, 0402","R1, R3, R14, R15, R16, R17, R21, R27, R28, R29, R75, R81, R85, R87, R88",15,C25741,UNI-ROYAL(Uniroyal Elec),0402WGF1003TCE
,36,330R 1%,"Resistor, 330R, 1%, 100ppm, 1/16W, 1005, 0402","R20, R50, R68",3,C25104,Royal Ohm,0402WGF3300TCE
,37,8m 1%,"Resistor, 8m, 1%, 50ppm, 1W, 3216, 1206",R22,1,C2988654,Milliohm,HOLLR1206-1W-8MR-1%
,34,27R 1%,"Resistor, 27R, 1%, 100ppm, 1/16W, 1005, 0402","R7, R23, R24, R26, R37, R38, R39, R40, R42, R43, R44, R45, R46, R47, R48, R49, R51, R52, R56, R57, R58, R59, R60, R61, R62, R64, R65, R66, R74",29,C138021,Yageo,RC0402FR-0727RL
,32,1k 1%,"Resistor, 1k, 1%, 100ppm, 1/16W, 1005, 0402","R5, R35, R53, R54, R55, R63, R67",7,C11702,Royal Ohm,0402WGF1001TCE
,49,SN74LVC1G17DBVR,SN74LVC1G17 Single Schmitt-Trigger Buffer,U7,1,C7836,Texas Instruments,SN74LVC1G17DBVR
,50,INA228AIDGSR,"INA240 High- and Low-Side, Bidirectional, Zero-Drift, Current-Sense Amplifier with",U8,1,C2887910,Texas Instruments,INA228AIDGSR
,52,W25Q128JVPIQ,3V 128M-BIT SERIAL FLASH MEMORY WITH DUAL/QUAD SPI,U10,1,C190862,Winbond,W25Q128JVPIQ
,35,4.7k 1%,"Resistor, 4.7k, 1%, 100ppm, 1/16W, 1005, 0402","R8, R9, R11, R12, R18, R25, R30, R84, R89, R90",10,C25900,UNI-ROYAL(Uniroyal Elec),0402WGF1003TCE
,44,LM2765,"Switched-Capacitor Voltage Converter, 40mA, input 1.8-5.5V, out =2xVIN, 50kHz, SOT-23, -40°C~+85°C",U2,1,C140270,Texas Instruments,LM2765M6X/NOPB
,47,74LVC1G08SE-7,Single 2-input AND gate,U5,1,C460522,Diodes Inc.,74LVC1G08SE-7
,8,220p X7R 50V,"Capacitor, 220pF, 10%, X7R, 50V, 1005, 0402","C19, C20",2,C296710,Samsung Electro-Mechanics,CL05B221KB5NNNC
,31,33k 1%,"Resistor, 33k, 1%, 100ppm, 1/16W, 1005, 0402","R2, R4, R33, R34, R72, R78, R79, R80, R82",9,C138003,Yageo,RC0402FR-0733KL
,25,ASWPA4035S680MT,FIXED IND 22UH 1A 292 MOHM SMD,L2,1,C340217,Sunlord,ASWPA4035S680MT
,11,BZT52C18SQ,Zener Diode 18V 200mW 5% Surface Mount SOD-323,"D2, D3",2,C2857090,JSMSEMI,BZT52C18SQ
,14,D3V3F4U6S,4-Ch 3.3V Low Cap TVS Array 0.85pF 3.5A 350mW,"D7, D10",2,C1869321,Diodes Inc.,D3V3F4U6S-7
,19,BLM18SN220TH1D,"Ferrite Bead, 120Ohm@100MHz, 25%, DCR 25mOhm, 1608, 0603",FB1,1,C710392,Murata,BLM18SN220TH1D
,39,3.9R 1%,"Resistor, 3.9R, 1%, 200ppm, 1/16W, 1005, 0402",R73,1,C2933095,FOJAN,
,38,SDNT1005X103F3950FTF,"NTC Thermistors 10k @25°C, B3950, 0.33mA max",R32,1,C95939,Sunlord,SDNT1005X103F3950FTF
,18,FSMD020-1206-R,"PTC,  30V, I_ hold 200mA, I_Trip 400mA, Imax 100A, 1206","F1, F2",2,C220145,Fuzetec,FSMD020-1206-R
,7,2.2u X7R 100V,"Capacitor, 2.2nF, 10%, X7R, 100V, 2012, 0805",C18,1,C22367838,Chinocera,
,16,MBR1H100SFT3G,"Rectifier Diode, Schottky, 1 Phase, 1A, 100V","D12, D13",2,C235757,onsemi,MBR1H100SFT3G
,1,10n X7R 100V,"Capacitor, 10nF, 10%, X7R, 100V, 1005, 0402","C1, C2, C5",3,C527014,Yageo Group,CC0402KRX7R0BB103
,5,10u X7R 63V,"Capacitor, 10uF, 10%, X7R, 63V, 3225, 1210","C9, C10, C11, C12, C28, C29, C59, C60, C61, C67",10,C437568,Murata,GRM32ER71J106KA12L
,10,SMAJ48A,"Diode, TVS, Single, Unidirectional, Vrwm max 48V, Vbr min 53.3V, Vcl max 77.4V, Irm 1uA, peak puls power 400W, C 80pF @50V, IEC61000-4-2 ESD, IEC61000-4-4 EFT, IEC61000-4-5 Surge, DO-214AC, 2.9x4.6x2.65mm, -55°C ~ 150°C","D1, D8",2,C41376401,hongjiacheng,SMAJ48A
,12,APTD1608LQBC/D,"Standard LEDs - SMD Chip LED, Package= 0603, Color = Blue","D4, D6, D9, D14",4,C5344742,Kingbright,APTD1608LQBC/D
,13,B0520LW-7-F,"Schottky Diodes & Rectifiers 20V 410mW, SMD, SOD123",D5,1,C155367,Diodes Inc.,B0520LW-7-F
,15,SK6812-EC20,"-40℃~+80℃ 0.65mA 160° 1kHz 2000V 620nm~630nm 800Kbit/s R:100mcd~200mcd Semi-transparent lens SMD,2x2mm RGB LEDs(Built-in IC) ROHS",D11,1,C2909058,OPSCO Optoelectronics,
,17,HS20HS072RX,"240x320 (2.4"") TFT-LCD panel Integrated driver (ST7789T3) and FPC",DSP1,1,C5329582,,
,20,DX07S024JJ2R1300,"USB Connector USB 3.2 Gen 2 TypeC Receptacle Horizontal SMT Body, Height 3.14 mm, 24 Contacts",J1,1,C2977282,JAE Electronics,DX07S024JJ2R1300
,21,FCR7350R,4MM PANEL SKT S16N-PC RED,J3,1,C7437326,Cliff,FCR7350R
,22,FCR7350B,4MM PANEL SKT S16N-PC BLACK,J4,1,C7437327,Cliff,FCR7350B
,23,AFC07-S12FCA-00,"0.3mm 0.5mm 12P 2mm Bottom Contact Slide Lock Surface Mount, Right Angle SMD,P=0.5mm,Surface Mount，Right Angle FFC, FPC (Flat Flexible) Connector Assemblies ROHS",J8,1,C262559,JUSHUO,
,26,FUET-9018,"-30℃~+70℃ 1V~25V 2.1mm 3V 4kHz 5mA 65dB 9mm 9mm Passive (Externally Driven) Piezoelectric SMD, 9x9mm Buzzers ROHS",PZ1,1,C391035,FUET,
,27,AGM612AP,"MOSFET, n-channel, 60V, r_ds_on 11mOhm, 10A @Ta=25°C, 50A @Tc=25°C, Vgs_th 1.6V, SMD PDFN-8 pin, (3.3x3.3x0.8mm), -55°C ~ 155°C (Tj)",Q1,1,C5349119,AGM,AGM612AP
,28,AO3404A,"MOSFET 30V 1.4W, SOT-23-3L","Q2, Q4, Q5, Q6, Q7",5,C30010,Alpha & Omega Semiconductor,AO3404A
,,SQJB90EP-T1_GE3,"Mosfet, 2 N-Channel (Dual), 80V, 30A, 48W, Rds 21mOhm @ 8A, 10V, PPAK-SO8",Q3,1,C727731,Vishay,SQJB90EP-T1_GE3
,33,10k 1%,"Resistor, 10k, 1%, ±25ppm, 1/16W, 1005, 0402","R6, R10, R13, R19, R31, R36, R41, R69, R70, R71, R76, R77, R83, R86",14,C25744,Royal Ohm,0402WGF1002TCE
,40,EVQ-PUC02K,"Small-sized Side-operational SMD Light Touch Switches with straight terminals, with boss.","S1, S2",2,C79174,Panasonic,EVQ-PUC02K
,41,PEC11R-4215F-S0024,"Rotary Encoders 15mm SHAFT w/SWITCH 24 detents, 24 PPR",S3,1,C143790,Bourns,PEC11R-4215F-S0024
,42,GT-TC120A-H120-L1,"Tactile switch SMD, black round button 12mm.","S4, S5",2,C2762973,G-Switch,GT-TC120A-H120-L1
,,5001,"Black PC Test Point, Miniature Phosphor Bronze, Silver Plating 0.040"" (1.02mm) Hole Diameter Mounting Type","TP31, TP32",2,,Keystone,5001
,43,TPD4S480RUKR,USB Type-C™ 48V EPR port protector with short-to-VBUS overvoltage and IEC ESD protection 20-WQFN -40 to 125,U1,1,C43131250,Texas Instruments,TPD4S480RUKR
,45,TPS26750,TPS26750 USB Type-C® and USB PD Controller With Integrated Power Switches,U3,1,C42166327,Texas Instruments,TPS26750SRSMR
,46,LTC7004x,Fast 60V High Side NMOS Static Switch Driver.,U4,1,C690106,Analog Devices,LTC7004EMSE#TRPBF
,48,CAT24C512YI-GT3,512 Kb I2C CMOS Serial,U6,1,C56096,onsemi,CAT24C512YI-GT3
,51,RP2040,ARM® CortexÂ-M0+ - Microcontroller IC 32-Bit Dual-Core 133MHz External Program Memory 56-QFN (7x7),U9,1,C2040,Raspberry Pi,RP2040
,53,LMR16006XDDCR,"LMR16006 SIMPLE SWITCHER® 60 V 0.6 A Buck Regulators With High Efficiency ECO mode, 600mA, input 4-65V, out 4-65V, 700kHz, SOT-6, -40°C~+125°C","U11, U12",2,C87080,Texas Instruments,LMR16006XDDCR
,54,ABM8-272-T3,Crystal 12MHz 10pF 30ppm -40C +85C,Y1,1,C20625731,Abracon,ABM8-272-T3
